Baris,Sisi,Nilai (mm),Waktu
C01,Sisi 1,0.03,2026-10-08 13:41:24
C01,Sisi 2,6.25,2026-10-08 13:41:30
C01,Sisi 3,13.63,2026-10-08 13:41:32
C01,Sisi 4,37.71,2026-10-08 13:41:34
C01,Sisi 5,24.15,2026-10-08 13:41:39
C01,Sisi 6,52.3,2026-10-08 13:41:42
C01,Sisi 7,56.11,2026-10-08 13:41:44
C01,Sisi 8,65.45,2026-10-08 13:41:47
C01,Sisi 1,18.85,2026-10-08 14:13:46
C01,Sisi 2,31.8,2026-10-08 14:13:52
C01,Sisi 3,28.02,2026-10-08 14:13:55
C01,Sisi 4,10.06,2026-10-08 14:14:03
C01,Sisi 5,83.33,2026-10-08 14:14:16
C01,Sisi 6,106.84,2026-10-08 14:14:18
C01,Sisi 7,128.62,2026-10-08 14:14:38
C01,Sisi 8,0.0,2026-10-08 14:15:30
C02,Sisi 1,14.86,2026-10-08 14:20:02
C02,Sisi 2,14.86,2026-10-08 14:20:12
C01,Sisi 1,10.47,2026-10-09 13:10:03
C01,Sisi 2,10.5,2026-10-09 13:10:06
C01,Sisi 3,-0.02,2026-10-09 13:10:29
C01,Sisi 4,10.75,2026-10-09 13:11:57
C01,Sisi 5,17.79,2026-10-09 13:11:58
C01,Sisi 6,17.79,2026-10-09 13:11:59
C01,Sisi 7,17.79,2026-10-09 13:12:00
C01,Sisi 8,17.79,2026-10-09 13:12:01
C01,Sisi 1,17.79,2026-10-09 13:12:19
C01,Sisi 2,17.79,2026-10-09 13:12:20
C01,Sisi 3,17.79,2026-10-09 13:12:25
C01,Sisi 1,1.73,2026-10-09 13:25:15
C01,Sisi 2,11.08,2026-10-09 13:25:18
C01,Sisi 3,17.84,2026-10-09 13:25:19
C01,Sisi 4,21.77,2026-10-09 13:25:20
C01,Sisi 5,25.1,2026-10-09 13:25:21
C01,Sisi 6,29.27,2026-10-09 13:25:23
C01,Sisi 7,33.25,2026-10-09 13:25:24
C01,Sisi 8,35.6,2026-10-09 13:25:25
C01,Sisi 1,18.25,2026-10-09 13:26:10
C01,Sisi 2,32.24,2026-10-09 13:26:11
C01,Sisi 3,32.27,2026-10-09 13:26:12
C01,Sisi 4,36.48,2026-10-09 13:26:13
C01,Sisi 5,43.42,2026-10-09 13:26:14
C01,Sisi 6,49.13,2026-10-09 13:26:14
C01,Sisi 7,64.73,2026-10-09 13:26:16
C01,Sisi 8,108.23,2026-10-09 13:26:17
C02,Sisi 1,2.77,2026-10-09 13:26:48
C02,Sisi 2,5.76,2026-10-09 13:26:49
C02,Sisi 3,17.7,2026-10-09 13:26:51
C02,Sisi 4,25.67,2026-10-09 13:26:51
C02,Sisi 5,28.93,2026-10-09 13:26:52
C02,Sisi 6,33.35,2026-10-09 13:26:53
C02,Sisi 7,37.32,2026-10-09 13:26:54
C02,Sisi 8,40.62,2026-10-09 13:26:55
C01,Sisi 1,10.69,2026-10-09 13:33:00
C01,Sisi 2,19.07,2026-10-09 13:33:01
C01,Sisi 3,26.28,2026-10-09 13:33:01
C01,Sisi 4,30.85,2026-10-09 13:33:02
